fpl_id,fbref_id
1,2628fd2b
2,8fa8f8d2
3,8b9ebd03
4,d5dd5f1f
5,839c14e1
6,9dbb75ca
7,e61b8aee
8,aa54ec6f
9,f874dd44
10,dc6f5bdd
11,3935e52e
12,47a34c4f
13,e3a5814e
14,d79a8c87
15,529f49ab
16,fce2302c
17,57e3f0c7
18,52611641
19,a3b03921
20,a53649b7
21,17695062
22,bc7dc64d
23,67ac5bb8
24,00963611
25,5ea8ef20
26,48a5a5d6
27,972aeb2a
28,a8a3d139
29,fcab00a0
30,7956236f
31,4fdf1fd9
32,c47541e0
33,b0b4fd3e
34,6e7f1353
35,90f91999
36,bf8fad51
37,3ae14ed1
38,8397a50c
39,e514ab62
40,aed3a70f
41,de5b5570
42,ffa90327
43,66b76d44
44,2389cdc2
45,0313a347
46,5d8d7454
47,bfae110f
48,dae8623e
49,9deaf2c8
50,6f7d826d
51,1544f145
52,be927d03
53,99813635
54,28300a16
55,8aec0537
56,7314bba4
57,fdd85f94
58,b2d31e83
59,282f75f3
60,bb5fbd2b
61,c40b6180
62,dad4b285
63,4bcf39f6
64,38ceb24a
65,4535e4bb
66,08452314
67,35e413f1
68,17370b95
69,6a713852
70,6c203af0
71,f4e433d4
72,27c01749
73,ad1f61f3
74,83d074ff
75,f230bc30
76,172e52d8
77,df0a4c90
78,e09f279b
79,3dcef539
80,98ea5115
81,1137759d
82,60344e4f
83,8a3c1dc7
84,8449d35e
85,f7b1d4e0
86,0f134faf
87,7aee4dd3
88,82c215a0
89,57c94db2
90,30db8574
91,e541326e
92,e827567f
93,395880a4
94,4d39152d
95,9d8cf204
96,6afaebf2
97,407db0d5
98,15ea812b
99,1ae30132
100,1ef37668
101,74e12f1e
102,653ee42d
103,5a4280b1
104,4ab53cdb
105,2691c772
106,8df7a2fb
107,495945ef
108,f72293fc
109,4e9a0555
110,9a9c05db
111,0d4ceb32
112,4b40d9ca
113,cc2d7ad5
114,c73ada83
115,47369df8
116,bf3aeb61
117,4879f8cb
118,fc15fb84
119,53cad200
120,16ceb862
121,86e7deaf
122,f4290206
123,45db685d
124,3a24769f
125,79c0821a
126,2973d8ff
127,18b896d6
128,ce4246f5
129,28d596a0
130,b9fbae28
131,6622454d
132,e97fd090
133,1cb49278
134,49fe9070
135,d2424d1b
136,f586779e
137,1bf33a9a
138,9674002f
139,10b9fa99
140,15f3ec41
141,fed7cb61
142,1265a93a
143,33887998
144,c2731c10
145,df10e27c
146,ab13a5aa
147,e7ca0439
148,cee31595
149,ab070c55
150,8d3c902d
151,d7492450
152,2ce2508a
153,da052c14
154,b2bc3b1f
155,3312f911
156,cc70a1d5
157,7a1f2c08
158,99246027
159,50e6dc35
160,ae4fc6a4
161,2f8d27bc
162,5cbd1eb0
163,111c3236
164,76dd1480
165,0420d84f
166,715bf047
167,ab4b3e35
168,1b84dbe1
169,c5b7c315
170,4806ec67
171,cc700722
172,1961b2aa
173,02b29014
174,6ca5ec4b
175,6d5701f2
176,9228b07c
177,59e6e5bf
178,d0042ab9
179,9f7c837d
180,fa031b34
181,728e9b2e
182,c0398aca
183,58bc7d18
184,dc64b8b3
185,420d7c7d
186,282679b4
187,1fb1c435
188,67ca8566
189,93feac6e
190,bba30585
191,4f565d77
192,f13d02a6
193,6c17e046
194,ea6bc03a
195,55b4f1d6
196,3423f250
197,8d03ca5a
198,f4d296e4
199,6b625ac2
200,53af52f3
201,f8fcd2a5
202,b827d5b3
203,1598599e
204,d3ce0e89
205,45963054
206,86695068
207,75a72a99
208,1a4ef233
209,197640fd
210,56f7a928
211,819aa8e7
212,ee38d9c5
213,c92e1a31
214,7d2d3329
215,3ea50f67
216,6b47c5db
217,21166ff4
218,fb614c44
219,fc027d02
220,132a82f1
221,2f90f6b8
222,935e6b8f
223,f76e6b4e
224,b217ef29
225,77e84962
226,6421ec64
227,38c7feef
228,4c370d81
229,e06683ca
230,c691bfe2
231,7a2e46a8
232,7f3b388c
233,e342ad68
234,2e4f5f03
235,43a166b4
236,f833a830
237,cd1acf9d
238,7a11550b
239,f25c8e3a
240,178ae8f8
241,515ebe8d
242,62d7ef38
243,5ed9b537
244,4fb9c88f
245,f315ca93
246,dd323728
247,012c975a
248,c9009a1f
249,86dd77d1
250,819b3158
251,e46012d4
252,5eecec3d
253,5271c8f1
254,892d5bb1
255,b400bde0
256,bd6351cd
257,3bb7b8b4
258,eaeca114
259,119b9a8e
260,42130443
261,3eb22ec9
262,31c69ef1
263,b66315ae
264,51cf8561
265,ed1e53f3
266,6434f10d
267,aa849a12
268,9e1035f8
269,527f063d
270,7ba6d84e
271,eb7822d7
272,867239d3
273,d8931174
274,b853e0ad
275,9c94165b
276,810e3c74
277,507c7bdf
278,8b788c01
279,e73c9bb2
280,e5a76dfe
281,a1d5bd30
282,50dc94ce
283,2baec6ce
284,f5deef4c
285,d93c2511
286,a1232f4e
287,c931d9f9
288,9e525177
289,58eee997
290,5e74d6c8
291,3727dd3c
292,71ef519e
293,2b91cf8e
294,cde3309f
295,3a949a25
296,c596fcb0
297,989d5705
298,d56543a0
299,450ab6fc
300,e58a03c6
301,3fe6bd8c
302,758dd7f0
303,77cf6852
304,de112b84
305,c8aa95da
306,c951a6df
307,2b16cb1a
308,862a1c15
309,a2b105e0
310,c17bfb65
311,efb9215a
312,c0027d2d
313,51a19d04
314,f23f9d20
315,0745b37d
316,b606638c
317,3faa1780
318,471f16b3
319,e9254eec
320,007b39a5
321,1bf811d4
322,a36d4785
323,2f6ec02a
324,2d5f03bf
325,f63d8a4b
326,774cf58b
327,953c30b0
328,3c33f9d9
329,291e3ec3
330,3f072a68
331,c393a6c4
332,1ecb65be
333,c3e39f12
334,36c2ca73
335,4b511457
336,ab651565
337,07802f7f
338,6adbc307
339,97333cf5
340,1900032e
341,3515d404
342,984a5a64
343,4115ce4e
344,30040f5d
345,f2bf1b0f
346,f1e94cd6
347,5e105217
348,caa1a7f0
349,11ff3d56
350,254147d4
351,0b33f6ad
352,cb4f24c6
353,8f62b6ee
354,2acd49b9
355,f7d50789
356,abe66106
357,21a66f6a
358,5c2b4f07
359,92e7e919
360,d557d734
361,ac861941
362,2b622f01
363,cea4ee8f
364,44781702
365,8b04d6c1
366,2f7acede
367,da7b447d
368,6aa3e78b
369,a29b1131
370,3353737a
371,e9971f2d
372,d7553721
373,6250083a
374,8d62d31a
375,5cdddffa
376,d0b3ceb9
377,89d10e53
378,7fec31a0
379,89e4b358
380,82e34b69
381,6cdd8245
382,e5d01ecf
383,c24dba2a
384,914ab9a1
385,422862ea
386,a0666d3e
387,7ed4921e
388,269b4638
389,1c0eea98
390,de0f152c
391,1770bd68
392,a5ea254c
393,f573a8bf
394,0666f848
395,eeb6551f
396,0f933743
397,41fb0f4e
398,c2846353
399,bfdb33aa
400,3631ad41
401,2876eaa3
402,fdf9edec
403,e1df6989
404,e8832875
405,f240e4f2
406,ff527768
407,6385ebfb
408,9328b835
409,74b2cd7e
410,562eed5c
411,4f974391
412,849c826a
413,ac05f970
414,3e9e06cb
415,c067631c
416,26f6dca8
417,57df7a11
418,fdf3cb77
419,5a04fd92
420,79c84d1c
421,1c7012b8
422,6613c819
423,82927de4
424,a712ca2b
425,9319781b
426,f5a00fa4
427,79b0d6a0
428,a4ac4b8f
429,2928dca2
430,b561db50
431,9fbbcf39
432,9ae9eaea
433,e28868f3
434,5a7301ae
435,9a28eba4
436,44bfb6c5
437,d04b94db
438,7fcc71d8
439,d0f72bf1
440,32f60ed8
441,7ba2eaa9
442,6956ff08
443,9a71e978
444,43f9b4ba
445,e7aa9d7c
446,1e159d70
447,ce5143da
448,e082af5b
449,6c6a3300
450,2c44a35d
451,a8c19eb8
452,da8b19e2
453,101da2b5
454,6681bcc8
455,ca45605e
456,bcfb0142
457,112c495e
458,ae59b359
459,29733c72
460,6dfd8f05
461,77e39b04
462,1d5cab82
463,24f59bb2
464,c4486bac
465,f25b010f
466,a65c844b
467,b579e83d
468,43458538
469,b7996fe0
470,9b398aea
471,f5044e54
472,71b47ab9
473,01226327
474,8a7ff278
475,903b6e8b
476,f0e4c69e
477,d0706b27
478,1b4f1169
479,2944f86f
480,76eca7e2
481,7b4de647
482,b28bbd58
