fpl_id,understat_id
1,181
2,6875
3,700
4,318
5,847
6,3277
7,204
8,8380
9,492
10,508
11,342
12,496
13,1750
14,1749
15,2328
16,8089
17,5656
18,1227
19,6630
20,6482
21,7230
22,7322
23,5613
24,6722
25,5759
26,7752
27,6888
28,4475
29,7721
30,4401
31,7152
32,695
33,675
34,3696
35,7723
36,6859
37,7722
38,1024
39,884
40,8865
41,8040
42,5612
43,2203
44,8864
45,7726
46,3253
47,7724
48,8287
49,1053
50,6122
51,8941
52,631
53,486
54,0
55,239
56,6047
57,6050
58,7382
59,6048
60,6049
61,7699
62,8780
63,3621
64,7698
65,2385
66,6842
67,7298
68,5245
69,9098
70,5609
71,8226
72,7991
73,8020
74,8379
75,9284
76,1801
77,7083
78,998
79,0
80,0
81,1078
82,0
83,0
84,0
85,7069
86,7166
87,0
88,0
89,0
90,0
91,0
92,0
93,0
94,0
95,0
96,6552
97,0
98,1665
99,857
100,887
101,712
102,6051
103,1747
104,844
105,4422
106,1654
107,669
108,1663
109,4456
110,1652
111,1017
112,5552
113,6044
114,7459
115,8323
116,7383
117,8482
118,6756
119,681
120,502
121,3288
122,1621
123,1389
124,592
125,2254
126,1678
127,1822
128,935
129,5061
130,751
131,8992
132,688
133,200
134,65
135,782
136,702
137,2662
138,7768
139,6369
140,6456
141,5220
142,8067
143,6880
144,9040
145,7988
146,2190
147,530
148,633
149,606
150,532
151,525
152,5549
153,672
154,522
155,757
156,856
157,6027
158,0
159,5735
160,8706
161,0
162,8214
163,876
164,714
165,585
166,2249
167,7063
168,1823
169,1653
170,741
171,1379
172,2383
173,1726
174,500
175,6521
176,1042
177,5555
178,985
179,7689
180,6026
181,8366
182,2164
183,2259
184,8816
185,8716
186,4381
187,2381
188,8718
189,822
190,2163
191,8719
192,3428
193,1014
194,6273
195,8723
196,8026
197,8721
198,8717
199,8715
200,745
201,807
202,753
203,1785
204,473
205,755
206,1234
207,3303
208,759
209,6157
210,5956
211,770
212,6818
213,620
214,6418
215,6681
216,5545
217,5264
218,7753
219,8562
220,7589
221,489
222,605
223,527
224,332
225,229
226,888
227,966
228,482
229,833
230,838
231,1257
232,3420
233,1250
234,1688
235,484
236,8239
237,1791
238,987
239,5247
240,6854
241,8228
242,7904
243,6326
244,6665
245,8852
246,8204
247,9086
248,0
249,638
250,314
251,447
252,586
253,3389
254,750
255,618
256,2379
257,6054
258,579
259,2498
260,7817
261,3635
262,8961
263,5543
264,2958
265,6055
266,2496
267,8720
268,6441
269,3294
270,546
271,697
272,1740
273,1687
274,6817
275,1006
276,558
277,1228
278,553
279,1828
280,7702
281,556
282,8821
283,934
284,6080
285,5560
286,1739
287,5595
288,5584
289,7490
290,8075
291,769
292,461
293,875
294,780
295,6532
296,468
297,1746
298,1683
299,766
300,743
301,853
302,1719
303,1545
304,6063
305,76
306,6062
307,101
308,7420
309,7078
310,87
311,7691
312,8016
313,8022
314,982
315,7696
316,7694
317,62
318,7693
319,7690
320,7697
321,902
322,6526
323,1032
324,7990
325,7695
326,7688
327,0
328,0
329,8021
330,8455
331,0
332,503
333,831
334,635
335,842
336,790
337,986
338,1735
339,6893
340,111
341,843
342,885
343,6042
344,7983
345,7700
346,8456
347,8224
348,6504
349,6736
350,7701
351,6923
352,609
353,637
354,772
355,639
356,644
357,647
358,3600
359,453
360,6852
361,643
362,3293
363,645
364,660
365,343
366,971
367,6249
368,6837
369,8300
370,7187
371,8222
372,5681
373,7198
374,6377
375,5962
376,803
377,641
378,462
379,581
380,574
381,596
382,5043
383,1660
384,1725
385,1677
386,6104
387,6996
388,1154
389,0
390,1441
391,6841
392,0
393,1724
394,0
395,1675
396,7081
397,5573
398,5085
399,5675
400,8235
401,7216
402,0
403,7278
404,8272
405,0
406,533
407,540
408,706
409,528
410,529
411,534
412,6274
413,531
414,804
415,6891
416,535
417,1760
418,8965
419,3585
420,1776
421,5553
422,8288
423,2335
424,3203
425,6424
426,3422
427,6849
428,6850
429,6851
430,4105
431,3491
432,5708
433,2280
434,7236
435,900
436,6853
437,6163
438,8291
439,7332
440,6857
441,6382
442,8180
443,8351
444,0
445,8778
446,0
447,501
448,5544
449,6523
450,9301
451,0
452,785
453,614
454,0
455,0
456,1707
457,0
458,6310
459,554
460,6500
461,8934
462,0
463,6485
464,0
465,708
466,0
467,6538
468,465
469,0
470,6674
471,5619
472,0
473,835
474,510
475,0
476,0
477,0
478,0
479,0
480,509
481,694
482,775